Run,Experiment,BioSample,Sample,SampleName,treatment_group,timepoint,sample_number,probiotic,delivery_vehicle,spots,bases,avgLength,size_MB,LibraryLayout,Platform,Model,download_path,weeks
SRR20011368,SRX16051980,SAMN29546594,SRS13730951,fungi_NTC_W0_G_001,NTC,W0,001,No,None,39478,20273424,513,10,PAIRED,ILLUMINA,Illumina MiSeq,https://sra-downloadb.be-md.ncbi.nlm.nih.gov/sos9/sra-pub-zq-924/SRR020/20011/SRR20011368/SRR20011368.lite.1,0
SRR20011367,SRX16051981,SAMN29546595,SRS13730952,fungi_NTC_W0_G_002,NTC,W0,002,No,None,132337,61133775,461,26,PAIRED,ILLUMINA,Illumina MiSeq,https://sra-downloadb.be-md.ncbi.nlm.nih.gov/sos1/sra-pub-zq-38/SRR020/20011/SRR20011367/SRR20011367.lite.1,0
SRR20011286,SRX16052062,SAMN29546596,SRS13731033,fungi_NTC_W0_G_003,NTC,W0,003,No,None,98853,54395851,550,28,PAIRED,ILLUMINA,Illumina MiSeq,https://sra-downloadb.be-md.ncbi.nlm.nih.gov/sos9/sra-pub-zq-924/SRR020/20011/SRR20011286/SRR20011286.lite.1,0
SRR20011247,SRX16052101,SAMN29546597,SRS13731072,fungi_NTC_W0_G_004,NTC,W0,004,No,None,40202,18985593,472,8,PAIRED,ILLUMINA,Illumina MiSeq,https://sra-downloadb.be-md.ncbi.nlm.nih.gov/sos9/sra-pub-zq-922/SRR020/20011/SRR20011247/SRR20011247.lite.1,0
SRR20011236,SRX16052112,SAMN29546598,SRS13731083,fungi_NTC_W0_G_005,NTC,W0,005,No,None,16267,7847705,482,3,PAIRED,ILLUMINA,Illumina MiSeq,https://sra-downloadb.be-md.ncbi.nlm.nih.gov/sos1/sra-pub-zq-38/SRR020/20011/SRR20011236/SRR20011236.lite.1,0
SRR20011225,SRX16052123,SAMN29546599,SRS13731094,fungi_NTC_W0_G_007,NTC,W0,007,No,None,73188,34229709,467,15,PAIRED,ILLUMINA,Illumina MiSeq,https://sra-downloadb.be-md.ncbi.nlm.nih.gov/sos1/sra-pub-zq-38/SRR020/20011/SRR20011225/SRR20011225.lite.1,0
SRR20011214,SRX16052134,SAMN29546600,SRS13731105,fungi_NTC_W0_G_008,NTC,W0,008,No,None,82296,44691897,543,22,PAIRED,ILLUMINA,Illumina MiSeq,https://sra-downloadb.be-md.ncbi.nlm.nih.gov/sos8/sra-pub-zq-820/SRR020/20011/SRR20011214/SRR20011214.lite.1,0
SRR20011322,SRX16052026,SAMN29546608,SRS13730997,fungi_PP_W0_G_016,PP,W0,016,Yes,Patty,131498,71599560,544,41,PAIRED,ILLUMINA,Illumina MiSeq,https://sra-downloadb.be-md.ncbi.nlm.nih.gov/sos9/sra-pub-zq-924/SRR020/20011/SRR20011322/SRR20011322.lite.1,0
SRR20011283,SRX16052065,SAMN29546609,SRS13731036,fungi_PP_W0_G_017,PP,W0,017,Yes,Patty,40318,19377231,480,9,PAIRED,ILLUMINA,Illumina MiSeq,https://sra-downloadb.be-md.ncbi.nlm.nih.gov/sos13/sra-pub-zq-1301/SRR020/20011/SRR20011283/SRR20011283.lite.1,0
SRR20011272,SRX16052076,SAMN29546610,SRS13731047,fungi_PP_W0_G_018,PP,W0,018,Yes,Patty,24712,11792873,477,5,PAIRED,ILLUMINA,Illumina MiSeq,https://sra-downloadb.be-md.ncbi.nlm.nih.gov/sos1/sra-pub-zq-38/SRR020/20011/SRR20011272/SRR20011272.lite.1,0
SRR20011261,SRX16052087,SAMN29546611,SRS13731058,fungi_PP_W0_G_019,PP,W0,019,Yes,Patty,364043,206168401,566,104,PAIRED,ILLUMINA,Illumina MiSeq,https://sra-downloadb.be-md.ncbi.nlm.nih.gov/sos8/sra-pub-zq-820/SRR020/20011/SRR20011261/SRR20011261.lite.1,0
SRR20011306,SRX16052042,SAMN29546612,SRS13731013,fungi_PP_W0_G_020,PP,W0,020,Yes,Patty,36375,18590781,511,9,PAIRED,ILLUMINA,Illumina MiSeq,https://sra-downloadb.be-md.ncbi.nlm.nih.gov/sos8/sra-pub-zq-820/SRR020/20011/SRR20011306/SRR20011306.lite.1,0
SRR20011295,SRX16052053,SAMN29546613,SRS13731024,fungi_PP_W0_G_021,PP,W0,021,Yes,Patty,45819,22819939,498,11,PAIRED,ILLUMINA,Illumina MiSeq,https://sra-downloadb.be-md.ncbi.nlm.nih.gov/sos8/sra-pub-zq-820/SRR020/20011/SRR20011295/SRR20011295.lite.1,0
SRR20011285,SRX16052063,SAMN29546614,SRS13731034,fungi_PP_W0_G_022,PP,W0,022,Yes,Patty,28191,14300952,507,7,PAIRED,ILLUMINA,Illumina MiSeq,https://sra-downloadb.be-md.ncbi.nlm.nih.gov/sos8/sra-pub-zq-818/SRR020/20011/SRR20011285/SRR20011285.lite.1,0
SRR20011203,SRX16052145,SAMN29546601,SRS13731116,fungi_PV_W0_G_009,PV,W0,009,No,Patty,28170,13230557,469,6,PAIRED,ILLUMINA,Illumina MiSeq,https://sra-downloadb.be-md.ncbi.nlm.nih.gov/sos8/sra-pub-zq-820/SRR020/20011/SRR20011203/SRR20011203.lite.1,0
SRR20011192,SRX16052156,SAMN29546602,SRS13731127,fungi_PV_W0_G_010,PV,W0,010,No,Patty,47812,24472155,511,12,PAIRED,ILLUMINA,Illumina MiSeq,https://sra-downloadb.be-md.ncbi.nlm.nih.gov/sos8/sra-pub-zq-820/SRR020/20011/SRR20011192/SRR20011192.lite.1,0
SRR20011181,SRX16052167,SAMN29546603,SRS13731138,fungi_PV_W0_G_011,PV,W0,011,No,Patty,106664,56547923,530,28,PAIRED,ILLUMINA,Illumina MiSeq,https://sra-downloadb.be-md.ncbi.nlm.nih.gov/sos9/sra-pub-zq-924/SRR020/20011/SRR20011181/SRR20011181.lite.1,0
SRR20011366,SRX16051982,SAMN29546604,SRS13730953,fungi_PV_W0_G_012,PV,W0,012,No,Patty,18576,9237883,497,4,PAIRED,ILLUMINA,Illumina MiSeq,https://sra-downloadb.be-md.ncbi.nlm.nih.gov/sos9/sra-pub-zq-924/SRR020/20011/SRR20011366/SRR20011366.lite.1,0
SRR20011355,SRX16051993,SAMN29546605,SRS13730964,fungi_PV_W0_G_013,PV,W0,013,No,Patty,79673,40996082,514,20,PAIRED,ILLUMINA,Illumina MiSeq,https://sra-downloadb.be-md.ncbi.nlm.nih.gov/sos8/sra-pub-zq-820/SRR020/20011/SRR20011355/SRR20011355.lite.1,0
SRR20011344,SRX16052004,SAMN29546606,SRS13730975,fungi_PV_W0_G_014,PV,W0,014,No,Patty,17317,8787128,507,4,PAIRED,ILLUMINA,Illumina MiSeq,https://sra-downloadb.be-md.ncbi.nlm.nih.gov/sos8/sra-pub-zq-820/SRR020/20011/SRR20011344/SRR20011344.lite.1,0
SRR20011333,SRX16052015,SAMN29546607,SRS13730986,fungi_PV_W0_G_015,PV,W0,015,No,Patty,31380,14960337,476,7,PAIRED,ILLUMINA,Illumina MiSeq,https://sra-downloadb.be-md.ncbi.nlm.nih.gov/sos8/sra-pub-zq-820/SRR020/20011/SRR20011333/SRR20011333.lite.1,0
SRR20011250,SRX16052098,SAMN29546621,SRS13731069,fungi_SP_W0_G_030,SP,W0,030,Yes,Spray,18271,9195809,503,4,PAIRED,ILLUMINA,Illumina MiSeq,https://sra-downloadb.be-md.ncbi.nlm.nih.gov/sos8/sra-pub-zq-820/SRR020/20011/SRR20011250/SRR20011250.lite.1,0
SRR20011249,SRX16052099,SAMN29546622,SRS13731070,fungi_SP_W0_G_031,SP,W0,031,Yes,Spray,92839,51744010,557,26,PAIRED,ILLUMINA,Illumina MiSeq,https://sra-downloadb.be-md.ncbi.nlm.nih.gov/sos8/sra-pub-zq-820/SRR020/20011/SRR20011249/SRR20011249.lite.1,0
SRR20011248,SRX16052100,SAMN29546623,SRS13731071,fungi_SP_W0_G_032,SP,W0,032,Yes,Spray,8827,4350429,492,2,PAIRED,ILLUMINA,Illumina MiSeq,https://sra-downloadb.be-md.ncbi.nlm.nih.gov/sos8/sra-pub-zq-820/SRR020/20011/SRR20011248/SRR20011248.lite.1,0
SRR20011246,SRX16052102,SAMN29546624,SRS13731073,fungi_SP_W0_G_034,SP,W0,034,Yes,Spray,33012,17234403,522,8,PAIRED,ILLUMINA,Illumina MiSeq,https://sra-downloadb.be-md.ncbi.nlm.nih.gov/sos9/sra-pub-zq-924/SRR020/20011/SRR20011246/SRR20011246.lite.1,0
SRR20011245,SRX16052103,SAMN29546625,SRS13731074,fungi_SP_W0_G_035,SP,W0,035,Yes,Spray,111970,54370619,485,25,PAIRED,ILLUMINA,Illumina MiSeq,https://sra-downloadb.be-md.ncbi.nlm.nih.gov/sos9/sra-pub-zq-922/SRR020/20011/SRR20011245/SRR20011245.lite.1,0
SRR20011244,SRX16052104,SAMN29546626,SRS13731075,fungi_SP_W0_G_036,SP,W0,036,Yes,Spray,232314,126565078,544,63,PAIRED,ILLUMINA,Illumina MiSeq,https://sra-downloadb.be-md.ncbi.nlm.nih.gov/sos1/sra-pub-zq-38/SRR020/20011/SRR20011244/SRR20011244.lite.1,0
SRR20011256,SRX16052092,SAMN29546615,SRS13731063,fungi_SV_W0_G_023,SV,W0,023,No,Spray,321304,150173993,467,65,PAIRED,ILLUMINA,Illumina MiSeq,https://sra-downloadb.be-md.ncbi.nlm.nih.gov/sos1/sra-pub-zq-38/SRR020/20011/SRR20011256/SRR20011256.lite.1,0
SRR20011255,SRX16052093,SAMN29546616,SRS13731064,fungi_SV_W0_G_024,SV,W0,024,No,Spray,50735,28457787,560,14,PAIRED,ILLUMINA,Illumina MiSeq,https://sra-downloadb.be-md.ncbi.nlm.nih.gov/sos1/sra-pub-zq-38/SRR020/20011/SRR20011255/SRR20011255.lite.1,0
SRR20011254,SRX16052094,SAMN29546617,SRS13731065,fungi_SV_W0_G_026,SV,W0,026,No,Spray,184048,100053410,543,55,PAIRED,ILLUMINA,Illumina MiSeq,https://sra-downloadb.be-md.ncbi.nlm.nih.gov/sos8/sra-pub-zq-820/SRR020/20011/SRR20011254/SRR20011254.lite.1,0
SRR20011253,SRX16052095,SAMN29546618,SRS13731066,fungi_SV_W0_G_027,SV,W0,027,No,Spray,88773,41993003,473,19,PAIRED,ILLUMINA,Illumina MiSeq,https://sra-downloadb.be-md.ncbi.nlm.nih.gov/sos9/sra-pub-zq-924/SRR020/20011/SRR20011253/SRR20011253.lite.1,0
SRR20011252,SRX16052096,SAMN29546619,SRS13731067,fungi_SV_W0_G_028,SV,W0,028,No,Spray,35396,16906332,477,8,PAIRED,ILLUMINA,Illumina MiSeq,https://sra-downloadb.be-md.ncbi.nlm.nih.gov/sos9/sra-pub-zq-924/SRR020/20011/SRR20011252/SRR20011252.lite.1,0
SRR20011251,SRX16052097,SAMN29546620,SRS13731068,fungi_SV_W0_G_029,SV,W0,029,No,Spray,38651,18358486,474,9,PAIRED,ILLUMINA,Illumina MiSeq,https://sra-downloadb.be-md.ncbi.nlm.nih.gov/sos1/sra-pub-zq-38/SRR020/20011/SRR20011251/SRR20011251.lite.1,0
SRR20011243,SRX16052105,SAMN29546627,SRS13731076,fungi_NTC_W2_G_037,NTC,W2,037,No,None,32567,17675347,542,9,PAIRED,ILLUMINA,Illumina MiSeq,https://sra-downloadb.be-md.ncbi.nlm.nih.gov/sos8/sra-pub-zq-820/SRR020/20011/SRR20011243/SRR20011243.lite.1,2
SRR20011242,SRX16052106,SAMN29546628,SRS13731077,fungi_NTC_W2_G_038,NTC,W2,038,No,None,42787,22676700,529,11,PAIRED,ILLUMINA,Illumina MiSeq,https://sra-downloadb.be-md.ncbi.nlm.nih.gov/sos9/sra-pub-zq-922/SRR020/20011/SRR20011242/SRR20011242.lite.1,2
SRR20011241,SRX16052107,SAMN29546629,SRS13731078,fungi_NTC_W2_G_039,NTC,W2,039,No,None,29599,15263627,515,7,PAIRED,ILLUMINA,Illumina MiSeq,https://sra-downloadb.be-md.ncbi.nlm.nih.gov/sos9/sra-pub-zq-922/SRR020/20011/SRR20011241/SRR20011241.lite.1,2
SRR20011240,SRX16052108,SAMN29546630,SRS13731079,fungi_NTC_W2_G_040,NTC,W2,040,No,None,11422,5837241,511,2,PAIRED,ILLUMINA,Illumina MiSeq,https://sra-downloadb.be-md.ncbi.nlm.nih.gov/sos8/sra-pub-zq-820/SRR020/20011/SRR20011240/SRR20011240.lite.1,2
SRR20011239,SRX16052109,SAMN29546631,SRS13731080,fungi_NTC_W2_G_041,NTC,W2,041,No,None,28453,13721937,482,6,PAIRED,ILLUMINA,Illumina MiSeq,https://sra-downloadb.be-md.ncbi.nlm.nih.gov/sos1/sra-pub-zq-38/SRR020/20011/SRR20011239/SRR20011239.lite.1,2
SRR20011238,SRX16052110,SAMN29546632,SRS13731081,fungi_NTC_W2_G_043,NTC,W2,043,No,None,278718,153610395,551,78,PAIRED,ILLUMINA,Illumina MiSeq,https://sra-downloadb.be-md.ncbi.nlm.nih.gov/sos8/sra-pub-zq-820/SRR020/20011/SRR20011238/SRR20011238.lite.1,2
SRR20011237,SRX16052111,SAMN29546633,SRS13731082,fungi_NTC_W2_G_044,NTC,W2,044,No,None,36493,17746927,486,8,PAIRED,ILLUMINA,Illumina MiSeq,https://sra-downloadb.be-md.ncbi.nlm.nih.gov/sos9/sra-pub-zq-922/SRR020/20011/SRR20011237/SRR20011237.lite.1,2
SRR20011228,SRX16052120,SAMN29546641,SRS13731091,fungi_PP_W2_G_052,PP,W2,052,Yes,Patty,35073,17452984,497,8,PAIRED,ILLUMINA,Illumina MiSeq,https://sra-downloadb.be-md.ncbi.nlm.nih.gov/sos8/sra-pub-zq-820/SRR020/20011/SRR20011228/SRR20011228.lite.1,2
SRR20011227,SRX16052121,SAMN29546642,SRS13731092,fungi_PP_W2_G_053,PP,W2,053,Yes,Patty,66073,30953735,468,13,PAIRED,ILLUMINA,Illumina MiSeq,https://sra-downloadb.be-md.ncbi.nlm.nih.gov/sos9/sra-pub-zq-922/SRR020/20011/SRR20011227/SRR20011227.lite.1,2
SRR20011226,SRX16052122,SAMN29546643,SRS13731093,fungi_PP_W2_G_054,PP,W2,054,Yes,Patty,82700,41282278,499,20,PAIRED,ILLUMINA,Illumina MiSeq,https://sra-downloadb.be-md.ncbi.nlm.nih.gov/sos1/sra-pub-zq-38/SRR020/20011/SRR20011226/SRR20011226.lite.1,2
SRR20011224,SRX16052124,SAMN29546644,SRS13731095,fungi_PP_W2_G_055,PP,W2,055,Yes,Patty,74644,35519868,475,16,PAIRED,ILLUMINA,Illumina MiSeq,https://sra-downloadb.be-md.ncbi.nlm.nih.gov/sos8/sra-pub-zq-818/SRR020/20011/SRR20011224/SRR20011224.lite.1,2
SRR20011223,SRX16052125,SAMN29546645,SRS13731096,fungi_PP_W2_G_056,PP,W2,056,Yes,Patty,107337,59842346,557,30,PAIRED,ILLUMINA,Illumina MiSeq,https://sra-downloadb.be-md.ncbi.nlm.nih.gov/sos8/sra-pub-zq-820/SRR020/20011/SRR20011223/SRR20011223.lite.1,2
SRR20011222,SRX16052126,SAMN29546646,SRS13731097,fungi_PP_W2_G_057,PP,W2,057,Yes,Patty,23991,11481561,478,5,PAIRED,ILLUMINA,Illumina MiSeq,https://sra-downloadb.be-md.ncbi.nlm.nih.gov/sos9/sra-pub-zq-922/SRR020/20011/SRR20011222/SRR20011222.lite.1,2
SRR20011221,SRX16052127,SAMN29546647,SRS13731098,fungi_PP_W2_G_058,PP,W2,058,Yes,Patty,17222,8907325,517,4,PAIRED,ILLUMINA,Illumina MiSeq,https://sra-downloadb.be-md.ncbi.nlm.nih.gov/sos1/sra-pub-zq-38/SRR020/20011/SRR20011221/SRR20011221.lite.1,2
SRR20011235,SRX16052113,SAMN29546634,SRS13731084,fungi_PV_W2_G_045,PV,W2,045,No,Patty,101651,48835920,480,23,PAIRED,ILLUMINA,Illumina MiSeq,https://sra-downloadb.be-md.ncbi.nlm.nih.gov/sos8/sra-pub-zq-818/SRR020/20011/SRR20011235/SRR20011235.lite.1,2
SRR20011234,SRX16052114,SAMN29546635,SRS13731085,fungi_PV_W2_G_046,PV,W2,046,No,Patty,125925,70022286,556,35,PAIRED,ILLUMINA,Illumina MiSeq,https://sra-downloadb.be-md.ncbi.nlm.nih.gov/sos9/sra-pub-zq-924/SRR020/20011/SRR20011234/SRR20011234.lite.1,2
SRR20011233,SRX16052115,SAMN29546636,SRS13731086,fungi_PV_W2_G_047,PV,W2,047,No,Patty,109038,56538941,518,28,PAIRED,ILLUMINA,Illumina MiSeq,https://sra-downloadb.be-md.ncbi.nlm.nih.gov/sos9/sra-pub-zq-922/SRR020/20011/SRR20011233/SRR20011233.lite.1,2
SRR20011232,SRX16052116,SAMN29546637,SRS13731087,fungi_PV_W2_G_048,PV,W2,048,No,Patty,283548,118026952,416,53,PAIRED,ILLUMINA,Illumina MiSeq,https://sra-downloadb.be-md.ncbi.nlm.nih.gov/sos9/sra-pub-zq-924/SRR020/20011/SRR20011232/SRR20011232.lite.1,2
SRR20011231,SRX16052117,SAMN29546638,SRS13731088,fungi_PV_W2_G_049,PV,W2,049,No,Patty,62927,31904107,507,15,PAIRED,ILLUMINA,Illumina MiSeq,https://sra-downloadb.be-md.ncbi.nlm.nih.gov/sos8/sra-pub-zq-818/SRR020/20011/SRR20011231/SRR20011231.lite.1,2
SRR20011230,SRX16052118,SAMN29546639,SRS13731089,fungi_PV_W2_G_050,PV,W2,050,No,Patty,27555,13741201,498,6,PAIRED,ILLUMINA,Illumina MiSeq,https://sra-downloadb.be-md.ncbi.nlm.nih.gov/sos9/sra-pub-zq-922/SRR020/20011/SRR20011230/SRR20011230.lite.1,2
SRR20011229,SRX16052119,SAMN29546640,SRS13731090,fungi_PV_W2_G_051,PV,W2,051,No,Patty,39346,17023448,432,7,PAIRED,ILLUMINA,Illumina MiSeq,https://sra-downloadb.be-md.ncbi.nlm.nih.gov/sos9/sra-pub-zq-924/SRR020/20011/SRR20011229/SRR20011229.lite.1,2
SRR20011213,SRX16052135,SAMN29546654,SRS13731106,fungi_SP_W2_G_066,SP,W2,066,Yes,Spray,42589,20749977,487,9,PAIRED,ILLUMINA,Illumina MiSeq,https://sra-downloadb.be-md.ncbi.nlm.nih.gov/sos8/sra-pub-zq-818/SRR020/20011/SRR20011213/SRR20011213.lite.1,2
SRR20011212,SRX16052136,SAMN29546655,SRS13731107,fungi_SP_W2_G_067,SP,W2,067,Yes,Spray,41039,21373419,520,10,PAIRED,ILLUMINA,Illumina MiSeq,https://sra-downloadb.be-md.ncbi.nlm.nih.gov/sos1/sra-pub-zq-38/SRR020/20011/SRR20011212/SRR20011212.lite.1,2
SRR20011211,SRX16052137,SAMN29546656,SRS13731108,fungi_SP_W2_G_068,SP,W2,068,Yes,Spray,24472,11569917,472,5,PAIRED,ILLUMINA,Illumina MiSeq,https://sra-downloadb.be-md.ncbi.nlm.nih.gov/sos13/sra-pub-zq-1301/SRR020/20011/SRR20011211/SRR20011211.lite.1,2
SRR20011210,SRX16052138,SAMN29546657,SRS13731109,fungi_SP_W2_G_070,SP,W2,070,Yes,Spray,9187,4502193,490,2,PAIRED,ILLUMINA,Illumina MiSeq,https://sra-downloadb.be-md.ncbi.nlm.nih.gov/sos9/sra-pub-zq-922/SRR020/20011/SRR20011210/SRR20011210.lite.1,2
SRR20011209,SRX16052139,SAMN29546658,SRS13731110,fungi_SP_W2_G_071,SP,W2,071,Yes,Spray,127926,58816263,459,24,PAIRED,ILLUMINA,Illumina MiSeq,https://sra-downloadb.be-md.ncbi.nlm.nih.gov/sos13/sra-pub-zq-1301/SRR020/20011/SRR20011209/SRR20011209.lite.1,2
SRR20011208,SRX16052140,SAMN29546659,SRS13731111,fungi_SP_W2_G_072,SP,W2,072,Yes,Spray,24195,11547734,477,5,PAIRED,ILLUMINA,Illumina MiSeq,https://sra-downloadb.be-md.ncbi.nlm.nih.gov/sos9/sra-pub-zq-924/SRR020/20011/SRR20011208/SRR20011208.lite.1,2
SRR20011220,SRX16052128,SAMN29546648,SRS13731099,fungi_SV_W2_G_059,SV,W2,059,No,Spray,88325,41668016,471,19,PAIRED,ILLUMINA,Illumina MiSeq,https://sra-downloadb.be-md.ncbi.nlm.nih.gov/sos1/sra-pub-zq-38/SRR020/20011/SRR20011220/SRR20011220.lite.1,2
SRR20011219,SRX16052129,SAMN29546649,SRS13731100,fungi_SV_W2_G_060,SV,W2,060,No,Spray,26067,13418142,514,7,PAIRED,ILLUMINA,Illumina MiSeq,https://sra-downloadb.be-md.ncbi.nlm.nih.gov/sos9/sra-pub-zq-924/SRR020/20011/SRR20011219/SRR20011219.lite.1,2
SRR20011218,SRX16052130,SAMN29546650,SRS13731101,fungi_SV_W2_G_062,SV,W2,062,No,Spray,44376,20957819,472,10,PAIRED,ILLUMINA,Illumina MiSeq,https://sra-downloadb.be-md.ncbi.nlm.nih.gov/sos13/sra-pub-zq-1301/SRR020/20011/SRR20011218/SRR20011218.lite.1,2
SRR20011217,SRX16052131,SAMN29546651,SRS13731102,fungi_SV_W2_G_063,SV,W2,063,No,Spray,70302,33733182,479,16,PAIRED,ILLUMINA,Illumina MiSeq,https://sra-downloadb.be-md.ncbi.nlm.nih.gov/sos8/sra-pub-zq-820/SRR020/20011/SRR20011217/SRR20011217.lite.1,2
SRR20011216,SRX16052132,SAMN29546652,SRS13731103,fungi_SV_W2_G_064,SV,W2,064,No,Spray,65329,34306004,525,17,PAIRED,ILLUMINA,Illumina MiSeq,https://sra-downloadb.be-md.ncbi.nlm.nih.gov/sos9/sra-pub-zq-922/SRR020/20011/SRR20011216/SRR20011216.lite.1,2
SRR20011215,SRX16052133,SAMN29546653,SRS13731104,fungi_SV_W2_G_065,SV,W2,065,No,Spray,44078,21136274,479,9,PAIRED,ILLUMINA,Illumina MiSeq,https://sra-downloadb.be-md.ncbi.nlm.nih.gov/sos9/sra-pub-zq-924/SRR020/20011/SRR20011215/SRR20011215.lite.1,2
SRR20011207,SRX16052141,SAMN29546660,SRS13731113,fungi_NTC_W4_G_073,NTC,W4,073,No,None,16712,8471921,506,4,PAIRED,ILLUMINA,Illumina MiSeq,https://sra-downloadb.be-md.ncbi.nlm.nih.gov/sos9/sra-pub-zq-924/SRR020/20011/SRR20011207/SRR20011207.lite.1,4
SRR20011206,SRX16052142,SAMN29546661,SRS13731112,fungi_NTC_W4_G_074,NTC,W4,074,No,None,78068,42940021,550,21,PAIRED,ILLUMINA,Illumina MiSeq,https://sra-downloadb.be-md.ncbi.nlm.nih.gov/sos9/sra-pub-zq-924/SRR020/20011/SRR20011206/SRR20011206.lite.1,4
SRR20011205,SRX16052143,SAMN29546662,SRS13731114,fungi_NTC_W4_G_075,NTC,W4,075,No,None,20972,11513244,548,5,PAIRED,ILLUMINA,Illumina MiSeq,https://sra-downloadb.be-md.ncbi.nlm.nih.gov/sos9/sra-pub-zq-924/SRR020/20011/SRR20011205/SRR20011205.lite.1,4
SRR20011204,SRX16052144,SAMN29546663,SRS13731115,fungi_NTC_W4_G_076,NTC,W4,076,No,None,195572,94405127,482,44,PAIRED,ILLUMINA,Illumina MiSeq,https://sra-downloadb.be-md.ncbi.nlm.nih.gov/sos9/sra-pub-zq-922/SRR020/20011/SRR20011204/SRR20011204.lite.1,4
SRR20011202,SRX16052146,SAMN29546664,SRS13731117,fungi_NTC_W4_G_077,NTC,W4,077,No,None,34197,16366972,478,7,PAIRED,ILLUMINA,Illumina MiSeq,https://sra-downloadb.be-md.ncbi.nlm.nih.gov/sos9/sra-pub-zq-924/SRR020/20011/SRR20011202/SRR20011202.lite.1,4
SRR20011201,SRX16052147,SAMN29546665,SRS13731118,fungi_NTC_W4_G_079,NTC,W4,079,No,None,56188,26726834,475,12,PAIRED,ILLUMINA,Illumina MiSeq,https://sra-downloadb.be-md.ncbi.nlm.nih.gov/sos13/sra-pub-zq-1301/SRR020/20011/SRR20011201/SRR20011201.lite.1,4
SRR20011200,SRX16052148,SAMN29546666,SRS13731119,fungi_NTC_W4_G_080,NTC,W4,080,No,None,19398,9516840,490,4,PAIRED,ILLUMINA,Illumina MiSeq,https://sra-downloadb.be-md.ncbi.nlm.nih.gov/sos9/sra-pub-zq-922/SRR020/20011/SRR20011200/SRR20011200.lite.1,4
SRR20011191,SRX16052157,SAMN29546674,SRS13731128,fungi_PP_W4_G_088,PP,W4,088,Yes,Patty,32499,16569447,509,8,PAIRED,ILLUMINA,Illumina MiSeq,https://sra-downloadb.be-md.ncbi.nlm.nih.gov/sos9/sra-pub-zq-924/SRR020/20011/SRR20011191/SRR20011191.lite.1,4
SRR20011190,SRX16052158,SAMN29546675,SRS13731129,fungi_PP_W4_G_089,PP,W4,089,Yes,Patty,23816,12809952,537,6,PAIRED,ILLUMINA,Illumina MiSeq,https://sra-downloadb.be-md.ncbi.nlm.nih.gov/sos13/sra-pub-zq-1301/SRR020/20011/SRR20011190/SRR20011190.lite.1,4
SRR20011189,SRX16052159,SAMN29546676,SRS13731130,fungi_PP_W4_G_090,PP,W4,090,Yes,Patty,15949,7716683,483,3,PAIRED,ILLUMINA,Illumina MiSeq,https://sra-downloadb.be-md.ncbi.nlm.nih.gov/sos8/sra-pub-zq-820/SRR020/20011/SRR20011189/SRR20011189.lite.1,4
SRR20011188,SRX16052160,SAMN29546677,SRS13731131,fungi_PP_W4_G_091,PP,W4,091,Yes,Patty,31610,16161858,511,8,PAIRED,ILLUMINA,Illumina MiSeq,https://sra-downloadb.be-md.ncbi.nlm.nih.gov/sos8/sra-pub-zq-820/SRR020/20011/SRR20011188/SRR20011188.lite.1,4
SRR20011187,SRX16052161,SAMN29546678,SRS13731132,fungi_PP_W4_G_092,PP,W4,092,Yes,Patty,178412,98474615,551,52,PAIRED,ILLUMINA,Illumina MiSeq,https://sra-downloadb.be-md.ncbi.nlm.nih.gov/sos9/sra-pub-zq-924/SRR020/20011/SRR20011187/SRR20011187.lite.1,4
SRR20011186,SRX16052162,SAMN29546679,SRS13731133,fungi_PP_W4_G_093,PP,W4,093,Yes,Patty,17420,8701504,499,4,PAIRED,ILLUMINA,Illumina MiSeq,https://sra-downloadb.be-md.ncbi.nlm.nih.gov/sos9/sra-pub-zq-924/SRR020/20011/SRR20011186/SRR20011186.lite.1,4
SRR20011185,SRX16052163,SAMN29546680,SRS13731134,fungi_PP_W4_G_094,PP,W4,094,Yes,Patty,10610,5069251,477,2,PAIRED,ILLUMINA,Illumina MiSeq,https://sra-downloadb.be-md.ncbi.nlm.nih.gov/sos1/sra-pub-zq-38/SRR020/20011/SRR20011185/SRR20011185.lite.1,4
SRR20011199,SRX16052149,SAMN29546667,SRS13731120,fungi_PV_W4_G_081,PV,W4,081,No,Patty,160211,79294689,494,39,PAIRED,ILLUMINA,Illumina MiSeq,https://sra-downloadb.be-md.ncbi.nlm.nih.gov/sos9/sra-pub-zq-922/SRR020/20011/SRR20011199/SRR20011199.lite.1,4
SRR20011198,SRX16052150,SAMN29546668,SRS13731121,fungi_PV_W4_G_082,PV,W4,082,No,Patty,250994,124106580,494,61,PAIRED,ILLUMINA,Illumina MiSeq,https://sra-downloadb.be-md.ncbi.nlm.nih.gov/sos9/sra-pub-zq-924/SRR020/20011/SRR20011198/SRR20011198.lite.1,4
SRR20011197,SRX16052151,SAMN29546669,SRS13731122,fungi_PV_W4_G_083,PV,W4,083,No,Patty,116016,55935690,482,26,PAIRED,ILLUMINA,Illumina MiSeq,https://sra-downloadb.be-md.ncbi.nlm.nih.gov/sos13/sra-pub-zq-1301/SRR020/20011/SRR20011197/SRR20011197.lite.1,4
SRR20011196,SRX16052152,SAMN29546670,SRS13731123,fungi_PV_W4_G_084,PV,W4,084,No,Patty,43923,22403006,510,11,PAIRED,ILLUMINA,Illumina MiSeq,https://sra-downloadb.be-md.ncbi.nlm.nih.gov/sos8/sra-pub-zq-820/SRR020/20011/SRR20011196/SRR20011196.lite.1,4
SRR20011195,SRX16052153,SAMN29546671,SRS13731124,fungi_PV_W4_G_085,PV,W4,085,No,Patty,65856,32290727,490,15,PAIRED,ILLUMINA,Illumina MiSeq,https://sra-downloadb.be-md.ncbi.nlm.nih.gov/sos9/sra-pub-zq-924/SRR020/20011/SRR20011195/SRR20011195.lite.1,4
SRR20011194,SRX16052154,SAMN29546672,SRS13731125,fungi_PV_W4_G_086,PV,W4,086,No,Patty,41634,21615141,519,11,PAIRED,ILLUMINA,Illumina MiSeq,https://sra-downloadb.be-md.ncbi.nlm.nih.gov/sos8/sra-pub-zq-820/SRR020/20011/SRR20011194/SRR20011194.lite.1,4
SRR20011193,SRX16052155,SAMN29546673,SRS13731126,fungi_PV_W4_G_087,PV,W4,087,No,Patty,45927,21991519,478,11,PAIRED,ILLUMINA,Illumina MiSeq,https://sra-downloadb.be-md.ncbi.nlm.nih.gov/sos8/sra-pub-zq-820/SRR020/20011/SRR20011193/SRR20011193.lite.1,4
SRR20011177,SRX16052171,SAMN29546687,SRS13731143,fungi_SP_W4_G_102,SP,W4,102,Yes,Spray,135697,59500744,438,28,PAIRED,ILLUMINA,Illumina MiSeq,https://sra-downloadb.be-md.ncbi.nlm.nih.gov/sos9/sra-pub-zq-924/SRR020/20011/SRR20011177/SRR20011177.lite.1,4
SRR20011176,SRX16052172,SAMN29546688,SRS13731142,fungi_SP_W4_G_103,SP,W4,103,Yes,Spray,32040,10044555,313,5,PAIRED,ILLUMINA,Illumina MiSeq,https://sra-downloadb.be-md.ncbi.nlm.nih.gov/sos9/sra-pub-zq-922/SRR020/20011/SRR20011176/SRR20011176.lite.1,4
SRR20011175,SRX16052173,SAMN29546689,SRS13731145,fungi_SP_W4_G_104,SP,W4,104,Yes,Spray,45030,17129507,380,9,PAIRED,ILLUMINA,Illumina MiSeq,https://sra-downloadb.be-md.ncbi.nlm.nih.gov/sos8/sra-pub-zq-820/SRR020/20011/SRR20011175/SRR20011175.lite.1,4
SRR20011174,SRX16052174,SAMN29546690,SRS13731144,fungi_SP_W4_G_106,SP,W4,106,Yes,Spray,60309,33207556,550,17,PAIRED,ILLUMINA,Illumina MiSeq,https://sra-downloadb.be-md.ncbi.nlm.nih.gov/sos13/sra-pub-zq-1301/SRR020/20011/SRR20011174/SRR20011174.lite.1,4
SRR20011173,SRX16052175,SAMN29546691,SRS13731146,fungi_SP_W4_G_107,SP,W4,107,Yes,Spray,64515,27097445,420,13,PAIRED,ILLUMINA,Illumina MiSeq,https://sra-downloadb.be-md.ncbi.nlm.nih.gov/sos9/sra-pub-zq-924/SRR020/20011/SRR20011173/SRR20011173.lite.1,4
SRR20011172,SRX16052176,SAMN29546692,SRS13731147,fungi_SP_W4_G_108,SP,W4,108,Yes,Spray,85186,43724147,513,22,PAIRED,ILLUMINA,Illumina MiSeq,https://sra-downloadb.be-md.ncbi.nlm.nih.gov/sos8/sra-pub-zq-820/SRR020/20011/SRR20011172/SRR20011172.lite.1,4
SRR20011184,SRX16052164,SAMN29546681,SRS13731135,fungi_SV_W4_G_095,SV,W4,095,No,Spray,36881,17600750,477,8,PAIRED,ILLUMINA,Illumina MiSeq,https://sra-downloadb.be-md.ncbi.nlm.nih.gov/sos8/sra-pub-zq-818/SRR020/20011/SRR20011184/SRR20011184.lite.1,4
SRR20011183,SRX16052165,SAMN29546682,SRS13731137,fungi_SV_W4_G_096,SV,W4,096,No,Spray,49861,22612800,453,11,PAIRED,ILLUMINA,Illumina MiSeq,https://sra-downloadb.be-md.ncbi.nlm.nih.gov/sos8/sra-pub-zq-818/SRR020/20011/SRR20011183/SRR20011183.lite.1,4
SRR20011182,SRX16052166,SAMN29546683,SRS13731136,fungi_SV_W4_G_098,SV,W4,098,No,Spray,53093,26390646,497,13,PAIRED,ILLUMINA,Illumina MiSeq,https://sra-downloadb.be-md.ncbi.nlm.nih.gov/sos9/sra-pub-zq-924/SRR020/20011/SRR20011182/SRR20011182.lite.1,4
SRR20011180,SRX16052168,SAMN29546684,SRS13731139,fungi_SV_W4_G_099,SV,W4,099,No,Spray,51103,25049496,490,12,PAIRED,ILLUMINA,Illumina MiSeq,https://sra-downloadb.be-md.ncbi.nlm.nih.gov/sos1/sra-pub-zq-38/SRR020/20011/SRR20011180/SRR20011180.lite.1,4
SRR20011179,SRX16052169,SAMN29546685,SRS13731140,fungi_SV_W4_G_100,SV,W4,100,No,Spray,143637,69453037,483,32,PAIRED,ILLUMINA,Illumina MiSeq,https://sra-downloadb.be-md.ncbi.nlm.nih.gov/sos1/sra-pub-zq-38/SRR020/20011/SRR20011179/SRR20011179.lite.1,4
SRR20011178,SRX16052170,SAMN29546686,SRS13731141,fungi_SV_W4_G_101,SV,W4,101,No,Spray,34928,17067181,488,8,PAIRED,ILLUMINA,Illumina MiSeq,https://sra-downloadb.be-md.ncbi.nlm.nih.gov/sos8/sra-pub-zq-820/SRR020/20011/SRR20011178/SRR20011178.lite.1,4
SRR20011171,SRX16052177,SAMN29546693,SRS13731148,fungi_NTC_W8_G_145,NTC,W8,145,No,None,70687,39913157,564,20,PAIRED,ILLUMINA,Illumina MiSeq,https://sra-downloadb.be-md.ncbi.nlm.nih.gov/sos8/sra-pub-zq-818/SRR020/20011/SRR20011171/SRR20011171.lite.1,8
SRR20011365,SRX16051983,SAMN29546694,SRS13730954,fungi_NTC_W8_G_146,NTC,W8,146,No,None,9194,4553171,495,2,PAIRED,ILLUMINA,Illumina MiSeq,https://sra-downloadb.be-md.ncbi.nlm.nih.gov/sos9/sra-pub-zq-924/SRR020/20011/SRR20011365/SRR20011365.lite.1,8
SRR20011364,SRX16051984,SAMN29546695,SRS13730955,fungi_NTC_W8_G_147,NTC,W8,147,No,None,25264,5557663,219,2,PAIRED,ILLUMINA,Illumina MiSeq,https://sra-downloadb.be-md.ncbi.nlm.nih.gov/sos1/sra-pub-zq-38/SRR020/20011/SRR20011364/SRR20011364.lite.1,8
SRR20011363,SRX16051985,SAMN29546696,SRS13730956,fungi_NTC_W8_G_148,NTC,W8,148,No,None,69477,32546899,468,14,PAIRED,ILLUMINA,Illumina MiSeq,https://sra-downloadb.be-md.ncbi.nlm.nih.gov/sos8/sra-pub-zq-820/SRR020/20011/SRR20011363/SRR20011363.lite.1,8
SRR20011362,SRX16051986,SAMN29546697,SRS13730957,fungi_NTC_W8_G_149,NTC,W8,149,No,None,26597,12884300,484,6,PAIRED,ILLUMINA,Illumina MiSeq,https://sra-downloadb.be-md.ncbi.nlm.nih.gov/sos9/sra-pub-zq-922/SRR020/20011/SRR20011362/SRR20011362.lite.1,8
SRR20011361,SRX16051987,SAMN29546698,SRS13730958,fungi_NTC_W8_G_151,NTC,W8,151,No,None,47282,22293297,471,10,PAIRED,ILLUMINA,Illumina MiSeq,https://sra-downloadb.be-md.ncbi.nlm.nih.gov/sos9/sra-pub-zq-924/SRR020/20011/SRR20011361/SRR20011361.lite.1,8
SRR20011360,SRX16051988,SAMN29546699,SRS13730959,fungi_NTC_W8_G_152,NTC,W8,152,No,None,38763,19490482,502,10,PAIRED,ILLUMINA,Illumina MiSeq,https://sra-downloadb.be-md.ncbi.nlm.nih.gov/sos9/sra-pub-zq-924/SRR020/20011/SRR20011360/SRR20011360.lite.1,8
SRR20011351,SRX16051997,SAMN29546707,SRS13730968,fungi_PP_W8_G_160,PP,W8,160,Yes,Patty,26635,5018287,188,2,PAIRED,ILLUMINA,Illumina MiSeq,https://sra-downloadb.be-md.ncbi.nlm.nih.gov/sos1/sra-pub-zq-38/SRR020/20011/SRR20011351/SRR20011351.lite.1,8
SRR20011350,SRX16051998,SAMN29546708,SRS13730969,fungi_PP_W8_G_161,PP,W8,161,Yes,Patty,68315,34857391,510,18,PAIRED,ILLUMINA,Illumina MiSeq,https://sra-downloadb.be-md.ncbi.nlm.nih.gov/sos1/sra-pub-zq-38/SRR020/20011/SRR20011350/SRR20011350.lite.1,8
SRR20011349,SRX16051999,SAMN29546709,SRS13730970,fungi_PP_W8_G_162,PP,W8,162,Yes,Patty,34090,7300325,214,3,PAIRED,ILLUMINA,Illumina MiSeq,https://sra-downloadb.be-md.ncbi.nlm.nih.gov/sos8/sra-pub-zq-820/SRR020/20011/SRR20011349/SRR20011349.lite.1,8
SRR20011348,SRX16052000,SAMN29546710,SRS13730971,fungi_PP_W8_G_163,PP,W8,163,Yes,Patty,30418,12748275,419,6,PAIRED,ILLUMINA,Illumina MiSeq,https://sra-downloadb.be-md.ncbi.nlm.nih.gov/sos8/sra-pub-zq-818/SRR020/20011/SRR20011348/SRR20011348.lite.1,8
SRR20011347,SRX16052001,SAMN29546711,SRS13730972,fungi_PP_W8_G_164,PP,W8,164,Yes,Patty,102470,41025858,400,20,PAIRED,ILLUMINA,Illumina MiSeq,https://sra-downloadb.be-md.ncbi.nlm.nih.gov/sos1/sra-pub-zq-38/SRR020/20011/SRR20011347/SRR20011347.lite.1,8
SRR20011346,SRX16052002,SAMN29546712,SRS13730973,fungi_PP_W8_G_165,PP,W8,165,Yes,Patty,82803,31534574,380,15,PAIRED,ILLUMINA,Illumina MiSeq,https://sra-downloadb.be-md.ncbi.nlm.nih.gov/sos9/sra-pub-zq-924/SRR020/20011/SRR20011346/SRR20011346.lite.1,8
SRR20011345,SRX16052003,SAMN29546713,SRS13730974,fungi_PP_W8_G_166,PP,W8,166,Yes,Patty,53431,15911663,297,8,PAIRED,ILLUMINA,Illumina MiSeq,https://sra-downloadb.be-md.ncbi.nlm.nih.gov/sos1/sra-pub-zq-38/SRR020/20011/SRR20011345/SRR20011345.lite.1,8
SRR20011359,SRX16051989,SAMN29546700,SRS13730960,fungi_PV_W8_G_153,PV,W8,153,No,Patty,54657,30149865,551,15,PAIRED,ILLUMINA,Illumina MiSeq,https://sra-downloadb.be-md.ncbi.nlm.nih.gov/sos9/sra-pub-zq-922/SRR020/20011/SRR20011359/SRR20011359.lite.1,8
SRR20011358,SRX16051990,SAMN29546701,SRS13730961,fungi_PV_W8_G_154,PV,W8,154,No,Patty,13323,6366562,477,3,PAIRED,ILLUMINA,Illumina MiSeq,https://sra-downloadb.be-md.ncbi.nlm.nih.gov/sos13/sra-pub-zq-1301/SRR020/20011/SRR20011358/SRR20011358.lite.1,8
SRR20011357,SRX16051991,SAMN29546702,SRS13730962,fungi_PV_W8_G_155,PV,W8,155,No,Patty,34857,8875899,254,4,PAIRED,ILLUMINA,Illumina MiSeq,https://sra-downloadb.be-md.ncbi.nlm.nih.gov/sos13/sra-pub-zq-1301/SRR020/20011/SRR20011357/SRR20011357.lite.1,8
SRR20011356,SRX16051992,SAMN29546703,SRS13730963,fungi_PV_W8_G_156,PV,W8,156,No,Patty,56987,31845264,558,16,PAIRED,ILLUMINA,Illumina MiSeq,https://sra-downloadb.be-md.ncbi.nlm.nih.gov/sos9/sra-pub-zq-924/SRR020/20011/SRR20011356/SRR20011356.lite.1,8
SRR20011354,SRX16051994,SAMN29546704,SRS13730965,fungi_PV_W8_G_157,PV,W8,157,No,Patty,15927,7809005,490,4,PAIRED,ILLUMINA,Illumina MiSeq,https://sra-downloadb.be-md.ncbi.nlm.nih.gov/sos8/sra-pub-zq-820/SRR020/20011/SRR20011354/SRR20011354.lite.1,8
SRR20011353,SRX16051995,SAMN29546705,SRS13730966,fungi_PV_W8_G_158,PV,W8,158,No,Patty,21434,4790643,223,2,PAIRED,ILLUMINA,Illumina MiSeq,https://sra-downloadb.be-md.ncbi.nlm.nih.gov/sos1/sra-pub-zq-38/SRR020/20011/SRR20011353/SRR20011353.lite.1,8
SRR20011352,SRX16051996,SAMN29546706,SRS13730967,fungi_PV_W8_G_159,PV,W8,159,No,Patty,12266,6020089,490,3,PAIRED,ILLUMINA,Illumina MiSeq,https://sra-downloadb.be-md.ncbi.nlm.nih.gov/sos1/sra-pub-zq-38/SRR020/20011/SRR20011352/SRR20011352.lite.1,8
SRR20011337,SRX16052011,SAMN29546720,SRS13730982,fungi_SP_W8_G_174,SP,W8,174,Yes,Spray,63441,23920528,377,11,PAIRED,ILLUMINA,Illumina MiSeq,https://sra-downloadb.be-md.ncbi.nlm.nih.gov/sos8/sra-pub-zq-820/SRR020/20011/SRR20011337/SRR20011337.lite.1,8
SRR20011336,SRX16052012,SAMN29546721,SRS13730983,fungi_SP_W8_G_175,SP,W8,175,Yes,Spray,37739,12395243,328,6,PAIRED,ILLUMINA,Illumina MiSeq,https://sra-downloadb.be-md.ncbi.nlm.nih.gov/sos9/sra-pub-zq-924/SRR020/20011/SRR20011336/SRR20011336.lite.1,8
SRR20011335,SRX16052013,SAMN29546722,SRS13730984,fungi_SP_W8_G_176,SP,W8,176,Yes,Spray,73876,28496661,385,14,PAIRED,ILLUMINA,Illumina MiSeq,https://sra-downloadb.be-md.ncbi.nlm.nih.gov/sos1/sra-pub-zq-38/SRR020/20011/SRR20011335/SRR20011335.lite.1,8
SRR20011334,SRX16052014,SAMN29546723,SRS13730985,fungi_SP_W8_G_178,SP,W8,178,Yes,Spray,28904,5190900,179,2,PAIRED,ILLUMINA,Illumina MiSeq,https://sra-downloadb.be-md.ncbi.nlm.nih.gov/sos1/sra-pub-zq-38/SRR020/20011/SRR20011334/SRR20011334.lite.1,8
SRR20011332,SRX16052016,SAMN29546724,SRS13730987,fungi_SP_W8_G_179,SP,W8,179,Yes,Spray,27927,11496483,411,5,PAIRED,ILLUMINA,Illumina MiSeq,https://sra-downloadb.be-md.ncbi.nlm.nih.gov/sos1/sra-pub-zq-38/SRR020/20011/SRR20011332/SRR20011332.lite.1,8
SRR20011331,SRX16052017,SAMN29546725,SRS13730988,fungi_SP_W8_G_180,SP,W8,180,Yes,Spray,49068,20105071,409,9,PAIRED,ILLUMINA,Illumina MiSeq,https://sra-downloadb.be-md.ncbi.nlm.nih.gov/sos9/sra-pub-zq-924/SRR020/20011/SRR20011331/SRR20011331.lite.1,8
SRR20011343,SRX16052005,SAMN29546714,SRS13730976,fungi_SV_W8_G_167,SV,W8,167,No,Spray,47709,22114418,463,9,PAIRED,ILLUMINA,Illumina MiSeq,https://sra-downloadb.be-md.ncbi.nlm.nih.gov/sos9/sra-pub-zq-924/SRR020/20011/SRR20011343/SRR20011343.lite.1,8
SRR20011342,SRX16052006,SAMN29546715,SRS13730977,fungi_SV_W8_G_168,SV,W8,168,No,Spray,154875,87002908,561,45,PAIRED,ILLUMINA,Illumina MiSeq,https://sra-downloadb.be-md.ncbi.nlm.nih.gov/sos1/sra-pub-zq-38/SRR020/20011/SRR20011342/SRR20011342.lite.1,8
SRR20011341,SRX16052007,SAMN29546716,SRS13730978,fungi_SV_W8_G_170,SV,W8,170,No,Spray,59073,24527455,415,11,PAIRED,ILLUMINA,Illumina MiSeq,https://sra-downloadb.be-md.ncbi.nlm.nih.gov/sos9/sra-pub-zq-924/SRR020/20011/SRR20011341/SRR20011341.lite.1,8
SRR20011340,SRX16052008,SAMN29546717,SRS13730979,fungi_SV_W8_G_171,SV,W8,171,No,Spray,45482,18600531,408,9,PAIRED,ILLUMINA,Illumina MiSeq,https://sra-downloadb.be-md.ncbi.nlm.nih.gov/sos8/sra-pub-zq-820/SRR020/20011/SRR20011340/SRR20011340.lite.1,8
SRR20011339,SRX16052009,SAMN29546718,SRS13730980,fungi_SV_W8_G_172,SV,W8,172,No,Spray,242765,111123325,457,51,PAIRED,ILLUMINA,Illumina MiSeq,https://sra-downloadb.be-md.ncbi.nlm.nih.gov/sos8/sra-pub-zq-820/SRR020/20011/SRR20011339/SRR20011339.lite.1,8
SRR20011338,SRX16052010,SAMN29546719,SRS13730981,fungi_SV_W8_G_173,SV,W8,173,No,Spray,44774,13008287,290,6,PAIRED,ILLUMINA,Illumina MiSeq,https://sra-downloadb.be-md.ncbi.nlm.nih.gov/sos8/sra-pub-zq-820/SRR020/20011/SRR20011338/SRR20011338.lite.1,8
SRR20011330,SRX16052018,SAMN29546726,SRS13730989,fungi_NTC_W12_G_181,NTC,W12,181,No,None,33340,11006370,330,5,PAIRED,ILLUMINA,Illumina MiSeq,https://sra-downloadb.be-md.ncbi.nlm.nih.gov/sos8/sra-pub-zq-820/SRR020/20011/SRR20011330/SRR20011330.lite.1,12
SRR20011329,SRX16052019,SAMN29546727,SRS13730990,fungi_NTC_W12_G_182,NTC,W12,182,No,None,37170,20198479,543,10,PAIRED,ILLUMINA,Illumina MiSeq,https://sra-downloadb.be-md.ncbi.nlm.nih.gov/sos1/sra-pub-zq-38/SRR020/20011/SRR20011329/SRR20011329.lite.1,12
SRR20011328,SRX16052020,SAMN29546728,SRS13730991,fungi_NTC_W12_G_183,NTC,W12,183,No,None,23539,8828567,375,4,PAIRED,ILLUMINA,Illumina MiSeq,https://sra-downloadb.be-md.ncbi.nlm.nih.gov/sos8/sra-pub-zq-820/SRR020/20011/SRR20011328/SRR20011328.lite.1,12
SRR20011327,SRX16052021,SAMN29546729,SRS13730992,fungi_NTC_W12_G_184,NTC,W12,184,No,None,39350,12784402,324,6,PAIRED,ILLUMINA,Illumina MiSeq,https://sra-downloadb.be-md.ncbi.nlm.nih.gov/sos9/sra-pub-zq-924/SRR020/20011/SRR20011327/SRR20011327.lite.1,12
SRR20011326,SRX16052022,SAMN29546730,SRS13730993,fungi_NTC_W12_G_185,NTC,W12,185,No,None,18577,8299405,446,3,PAIRED,ILLUMINA,Illumina MiSeq,https://sra-downloadb.be-md.ncbi.nlm.nih.gov/sos13/sra-pub-zq-1301/SRR020/20011/SRR20011326/SRR20011326.lite.1,12
SRR20011325,SRX16052023,SAMN29546731,SRS13730994,fungi_NTC_W12_G_187,NTC,W12,187,No,None,85165,37657172,442,17,PAIRED,ILLUMINA,Illumina MiSeq,https://sra-downloadb.be-md.ncbi.nlm.nih.gov/sos8/sra-pub-zq-820/SRR020/20011/SRR20011325/SRR20011325.lite.1,12
SRR20011324,SRX16052024,SAMN29546732,SRS13730995,fungi_NTC_W12_G_188,NTC,W12,188,No,None,29096,14456224,496,7,PAIRED,ILLUMINA,Illumina MiSeq,https://sra-downloadb.be-md.ncbi.nlm.nih.gov/sos9/sra-pub-zq-924/SRR020/20011/SRR20011324/SRR20011324.lite.1,12
SRR20011315,SRX16052033,SAMN29546740,SRS13731004,fungi_PP_W12_G_196,PP,W12,196,Yes,Patty,27626,6635047,240,3,PAIRED,ILLUMINA,Illumina MiSeq,https://sra-downloadb.be-md.ncbi.nlm.nih.gov/sos1/sra-pub-zq-38/SRR020/20011/SRR20011315/SRR20011315.lite.1,12
SRR20011314,SRX16052034,SAMN29546741,SRS13731005,fungi_PP_W12_G_197,PP,W12,197,Yes,Patty,33013,18504555,560,9,PAIRED,ILLUMINA,Illumina MiSeq,https://sra-downloadb.be-md.ncbi.nlm.nih.gov/sos9/sra-pub-zq-924/SRR020/20011/SRR20011314/SRR20011314.lite.1,12
SRR20011313,SRX16052035,SAMN29546742,SRS13731006,fungi_PP_W12_G_198,PP,W12,198,Yes,Patty,28970,7944511,274,4,PAIRED,ILLUMINA,Illumina MiSeq,https://sra-downloadb.be-md.ncbi.nlm.nih.gov/sos13/sra-pub-zq-1301/SRR020/20011/SRR20011313/SRR20011313.lite.1,12
SRR20011284,SRX16052064,SAMN29546743,SRS13731035,fungi_PP_W12_G_199,PP,W12,199,Yes,Patty,42974,23810480,554,12,PAIRED,ILLUMINA,Illumina MiSeq,https://sra-downloadb.be-md.ncbi.nlm.nih.gov/sos9/sra-pub-zq-924/SRR020/20011/SRR20011284/SRR20011284.lite.1,12
SRR20011282,SRX16052066,SAMN29546744,SRS13731037,fungi_PP_W12_G_200,PP,W12,200,Yes,Patty,44738,12697160,283,6,PAIRED,ILLUMINA,Illumina MiSeq,https://sra-downloadb.be-md.ncbi.nlm.nih.gov/sos8/sra-pub-zq-820/SRR020/20011/SRR20011282/SRR20011282.lite.1,12
SRR20011281,SRX16052067,SAMN29546745,SRS13731038,fungi_PP_W12_G_201,PP,W12,201,Yes,Patty,16535,8560856,517,4,PAIRED,ILLUMINA,Illumina MiSeq,https://sra-downloadb.be-md.ncbi.nlm.nih.gov/sos8/sra-pub-zq-818/SRR020/20011/SRR20011281/SRR20011281.lite.1,12
SRR20011280,SRX16052068,SAMN29546746,SRS13731039,fungi_PP_W12_G_202,PP,W12,202,Yes,Patty,17254,3977703,230,2,PAIRED,ILLUMINA,Illumina MiSeq,https://sra-downloadb.be-md.ncbi.nlm.nih.gov/sos13/sra-pub-zq-1301/SRR020/20011/SRR20011280/SRR20011280.lite.1,12
SRR20011323,SRX16052025,SAMN29546733,SRS13730996,fungi_PV_W12_G_189,PV,W12,189,No,Patty,26734,5758959,215,2,PAIRED,ILLUMINA,Illumina MiSeq,https://sra-downloadb.be-md.ncbi.nlm.nih.gov/sos9/sra-pub-zq-922/SRR020/20011/SRR20011323/SRR20011323.lite.1,12
SRR20011321,SRX16052027,SAMN29546734,SRS13730998,fungi_PV_W12_G_190,PV,W12,190,No,Patty,54227,11483103,211,5,PAIRED,ILLUMINA,Illumina MiSeq,https://sra-downloadb.be-md.ncbi.nlm.nih.gov/sos13/sra-pub-zq-1301/SRR020/20011/SRR20011321/SRR20011321.lite.1,12
SRR20011320,SRX16052028,SAMN29546735,SRS13730999,fungi_PV_W12_G_191,PV,W12,191,No,Patty,29473,14366499,487,7,PAIRED,ILLUMINA,Illumina MiSeq,https://sra-downloadb.be-md.ncbi.nlm.nih.gov/sos9/sra-pub-zq-924/SRR020/20011/SRR20011320/SRR20011320.lite.1,12
SRR20011319,SRX16052029,SAMN29546736,SRS13731000,fungi_PV_W12_G_192,PV,W12,192,No,Patty,39069,8710564,222,4,PAIRED,ILLUMINA,Illumina MiSeq,https://sra-downloadb.be-md.ncbi.nlm.nih.gov/sos8/sra-pub-zq-820/SRR020/20011/SRR20011319/SRR20011319.lite.1,12
SRR20011318,SRX16052030,SAMN29546737,SRS13731001,fungi_PV_W12_G_193,PV,W12,193,No,Patty,19051,5190989,272,2,PAIRED,ILLUMINA,Illumina MiSeq,https://sra-downloadb.be-md.ncbi.nlm.nih.gov/sos1/sra-pub-zq-38/SRR020/20011/SRR20011318/SRR20011318.lite.1,12
SRR20011317,SRX16052031,SAMN29546738,SRS13731002,fungi_PV_W12_G_194,PV,W12,194,No,Patty,9759,4841292,496,2,PAIRED,ILLUMINA,Illumina MiSeq,https://sra-downloadb.be-md.ncbi.nlm.nih.gov/sos8/sra-pub-zq-820/SRR020/20011/SRR20011317/SRR20011317.lite.1,12
SRR20011316,SRX16052032,SAMN29546739,SRS13731003,fungi_PV_W12_G_195,PV,W12,195,No,Patty,30337,10405594,343,5,PAIRED,ILLUMINA,Illumina MiSeq,https://sra-downloadb.be-md.ncbi.nlm.nih.gov/sos8/sra-pub-zq-820/SRR020/20011/SRR20011316/SRR20011316.lite.1,12
SRR20011273,SRX16052075,SAMN29546753,SRS13731046,fungi_SP_W12_G_210,SP,W12,210,Yes,Spray,9394,4379585,466,2,PAIRED,ILLUMINA,Illumina MiSeq,https://sra-downloadb.be-md.ncbi.nlm.nih.gov/sos8/sra-pub-zq-820/SRR020/20011/SRR20011273/SRR20011273.lite.1,12
SRR20011271,SRX16052077,SAMN29546754,SRS13731048,fungi_SP_W12_G_211,SP,W12,211,Yes,Spray,36504,5382092,147,2,PAIRED,ILLUMINA,Illumina MiSeq,https://sra-downloadb.be-md.ncbi.nlm.nih.gov/sos9/sra-pub-zq-922/SRR020/20011/SRR20011271/SRR20011271.lite.1,12
SRR20011270,SRX16052078,SAMN29546755,SRS13731049,fungi_SP_W12_G_212,SP,W12,212,Yes,Spray,10808,5497051,508,2,PAIRED,ILLUMINA,Illumina MiSeq,https://sra-downloadb.be-md.ncbi.nlm.nih.gov/sos13/sra-pub-zq-1301/SRR020/20011/SRR20011270/SRR20011270.lite.1,12
SRR20011269,SRX16052079,SAMN29546756,SRS13731050,fungi_SP_W12_G_214,SP,W12,214,Yes,Spray,19880,9405898,473,4,PAIRED,ILLUMINA,Illumina MiSeq,https://sra-downloadb.be-md.ncbi.nlm.nih.gov/sos13/sra-pub-zq-1301/SRR020/20011/SRR20011269/SRR20011269.lite.1,12
SRR20011268,SRX16052080,SAMN29546757,SRS13731051,fungi_SP_W12_G_215,SP,W12,215,Yes,Spray,7913,3756255,474,1,PAIRED,ILLUMINA,Illumina MiSeq,https://sra-downloadb.be-md.ncbi.nlm.nih.gov/sos9/sra-pub-zq-922/SRR020/20011/SRR20011268/SRR20011268.lite.1,12
SRR20011267,SRX16052081,SAMN29546758,SRS13731052,fungi_SP_W12_G_216,SP,W12,216,Yes,Spray,9998,4601847,460,2,PAIRED,ILLUMINA,Illumina MiSeq,https://sra-downloadb.be-md.ncbi.nlm.nih.gov/sos9/sra-pub-zq-924/SRR020/20011/SRR20011267/SRR20011267.lite.1,12
SRR20011279,SRX16052069,SAMN29546747,SRS13731040,fungi_SV_W12_G_203,SV,W12,203,No,Spray,36550,11106184,303,5,PAIRED,ILLUMINA,Illumina MiSeq,https://sra-downloadb.be-md.ncbi.nlm.nih.gov/sos9/sra-pub-zq-924/SRR020/20011/SRR20011279/SRR20011279.lite.1,12
SRR20011278,SRX16052070,SAMN29546748,SRS13731041,fungi_SV_W12_G_204,SV,W12,204,No,Spray,19905,9591454,481,4,PAIRED,ILLUMINA,Illumina MiSeq,https://sra-downloadb.be-md.ncbi.nlm.nih.gov/sos8/sra-pub-zq-820/SRR020/20011/SRR20011278/SRR20011278.lite.1,12
SRR20011277,SRX16052071,SAMN29546749,SRS13731042,fungi_SV_W12_G_206,SV,W12,206,No,Spray,17890,8459063,472,4,PAIRED,ILLUMINA,Illumina MiSeq,https://sra-downloadb.be-md.ncbi.nlm.nih.gov/sos8/sra-pub-zq-820/SRR020/20011/SRR20011277/SRR20011277.lite.1,12
SRR20011276,SRX16052072,SAMN29546750,SRS13731043,fungi_SV_W12_G_207,SV,W12,207,No,Spray,56097,30852042,549,15,PAIRED,ILLUMINA,Illumina MiSeq,https://sra-downloadb.be-md.ncbi.nlm.nih.gov/sos13/sra-pub-zq-1301/SRR020/20011/SRR20011276/SRR20011276.lite.1,12
SRR20011275,SRX16052073,SAMN29546751,SRS13731044,fungi_SV_W12_G_208,SV,W12,208,No,Spray,17994,8792364,488,4,PAIRED,ILLUMINA,Illumina MiSeq,https://sra-downloadb.be-md.ncbi.nlm.nih.gov/sos9/sra-pub-zq-924/SRR020/20011/SRR20011275/SRR20011275.lite.1,12
SRR20011274,SRX16052074,SAMN29546752,SRS13731045,fungi_SV_W12_G_209,SV,W12,209,No,Spray,27299,5218231,191,2,PAIRED,ILLUMINA,Illumina MiSeq,https://sra-downloadb.be-md.ncbi.nlm.nih.gov/sos9/sra-pub-zq-924/SRR020/20011/SRR20011274/SRR20011274.lite.1,12
SRR20011266,SRX16052082,SAMN29546759,SRS13731053,fungi_NTC_W24_G_217,NTC,W24,217,No,None,24169,12328165,510,6,PAIRED,ILLUMINA,Illumina MiSeq,https://sra-downloadb.be-md.ncbi.nlm.nih.gov/sos8/sra-pub-zq-820/SRR020/20011/SRR20011266/SRR20011266.lite.1,24
SRR20011265,SRX16052083,SAMN29546760,SRS13731054,fungi_NTC_W24_G_218,NTC,W24,218,No,None,8145,3891754,477,2,PAIRED,ILLUMINA,Illumina MiSeq,https://sra-downloadb.be-md.ncbi.nlm.nih.gov/sos13/sra-pub-zq-1301/SRR020/20011/SRR20011265/SRR20011265.lite.1,24
SRR20011264,SRX16052084,SAMN29546761,SRS13731055,fungi_NTC_W24_G_219,NTC,W24,219,No,None,22533,11618920,515,6,PAIRED,ILLUMINA,Illumina MiSeq,https://sra-downloadb.be-md.ncbi.nlm.nih.gov/sos8/sra-pub-zq-820/SRR020/20011/SRR20011264/SRR20011264.lite.1,24
SRR20011263,SRX16052085,SAMN29546762,SRS13731056,fungi_NTC_W24_G_220,NTC,W24,220,No,None,47546,23851415,501,12,PAIRED,ILLUMINA,Illumina MiSeq,https://sra-downloadb.be-md.ncbi.nlm.nih.gov/sos8/sra-pub-zq-820/SRR020/20011/SRR20011263/SRR20011263.lite.1,24
SRR20011262,SRX16052086,SAMN29546763,SRS13731057,fungi_NTC_W24_G_221,NTC,W24,221,No,None,9170,4078065,444,2,PAIRED,ILLUMINA,Illumina MiSeq,https://sra-downloadb.be-md.ncbi.nlm.nih.gov/sos8/sra-pub-zq-820/SRR020/20011/SRR20011262/SRR20011262.lite.1,24
SRR20011260,SRX16052088,SAMN29546764,SRS13731059,fungi_NTC_W24_G_223,NTC,W24,223,No,None,139855,71043279,507,37,PAIRED,ILLUMINA,Illumina MiSeq,https://sra-downloadb.be-md.ncbi.nlm.nih.gov/sos1/sra-pub-zq-38/SRR020/20011/SRR20011260/SRR20011260.lite.1,24
SRR20011259,SRX16052089,SAMN29546765,SRS13731060,fungi_NTC_W24_G_224,NTC,W24,224,No,None,14830,7443372,501,4,PAIRED,ILLUMINA,Illumina MiSeq,https://sra-downloadb.be-md.ncbi.nlm.nih.gov/sos13/sra-pub-zq-1301/SRR020/20011/SRR20011259/SRR20011259.lite.1,24
SRR20011307,SRX16052041,SAMN29546773,SRS13731012,fungi_PP_W24_G_232,PP,W24,232,Yes,Patty,125829,65309015,519,35,PAIRED,ILLUMINA,Illumina MiSeq,https://sra-downloadb.be-md.ncbi.nlm.nih.gov/sos9/sra-pub-zq-924/SRR020/20011/SRR20011307/SRR20011307.lite.1,24
SRR20011305,SRX16052043,SAMN29546774,SRS13731014,fungi_PP_W24_G_233,PP,W24,233,Yes,Patty,134345,55439028,412,26,PAIRED,ILLUMINA,Illumina MiSeq,https://sra-downloadb.be-md.ncbi.nlm.nih.gov/sos9/sra-pub-zq-924/SRR020/20011/SRR20011305/SRR20011305.lite.1,24
SRR20011304,SRX16052044,SAMN29546775,SRS13731015,fungi_PP_W24_G_234,PP,W24,234,Yes,Patty,22037,10931771,496,5,PAIRED,ILLUMINA,Illumina MiSeq,https://sra-downloadb.be-md.ncbi.nlm.nih.gov/sos9/sra-pub-zq-922/SRR020/20011/SRR20011304/SRR20011304.lite.1,24
SRR20011303,SRX16052045,SAMN29546776,SRS13731016,fungi_PP_W24_G_235,PP,W24,235,Yes,Patty,12351,6046664,489,3,PAIRED,ILLUMINA,Illumina MiSeq,https://sra-downloadb.be-md.ncbi.nlm.nih.gov/sos8/sra-pub-zq-820/SRR020/20011/SRR20011303/SRR20011303.lite.1,24
SRR20011302,SRX16052046,SAMN29546777,SRS13731017,fungi_PP_W24_G_236,PP,W24,236,Yes,Patty,23665,11300008,477,5,PAIRED,ILLUMINA,Illumina MiSeq,https://sra-downloadb.be-md.ncbi.nlm.nih.gov/sos8/sra-pub-zq-820/SRR020/20011/SRR20011302/SRR20011302.lite.1,24
SRR20011301,SRX16052047,SAMN29546778,SRS13731018,fungi_PP_W24_G_237,PP,W24,237,Yes,Patty,7354,3723653,506,2,PAIRED,ILLUMINA,Illumina MiSeq,https://sra-downloadb.be-md.ncbi.nlm.nih.gov/sos1/sra-pub-zq-38/SRR020/20011/SRR20011301/SRR20011301.lite.1,24
SRR20011300,SRX16052048,SAMN29546779,SRS13731019,fungi_PP_W24_G_238,PP,W24,238,Yes,Patty,14507,7246091,499,3,PAIRED,ILLUMINA,Illumina MiSeq,https://sra-downloadb.be-md.ncbi.nlm.nih.gov/sos9/sra-pub-zq-924/SRR020/20011/SRR20011300/SRR20011300.lite.1,24
SRR20011258,SRX16052090,SAMN29546766,SRS13731061,fungi_PV_W24_G_225,PV,W24,225,No,Patty,363249,203095809,559,107,PAIRED,ILLUMINA,Illumina MiSeq,https://sra-downloadb.be-md.ncbi.nlm.nih.gov/sos9/sra-pub-zq-924/SRR020/20011/SRR20011258/SRR20011258.lite.1,24
SRR20011257,SRX16052091,SAMN29546767,SRS13731062,fungi_PV_W24_G_226,PV,W24,226,No,Patty,23022,10127085,439,5,PAIRED,ILLUMINA,Illumina MiSeq,https://sra-downloadb.be-md.ncbi.nlm.nih.gov/sos9/sra-pub-zq-922/SRR020/20011/SRR20011257/SRR20011257.lite.1,24
SRR20011312,SRX16052036,SAMN29546768,SRS13731007,fungi_PV_W24_G_227,PV,W24,227,No,Patty,55703,29287139,525,15,PAIRED,ILLUMINA,Illumina MiSeq,https://sra-downloadb.be-md.ncbi.nlm.nih.gov/sos8/sra-pub-zq-820/SRR020/20011/SRR20011312/SRR20011312.lite.1,24
SRR20011311,SRX16052037,SAMN29546769,SRS13731008,fungi_PV_W24_G_228,PV,W24,228,No,Patty,34941,19017775,544,10,PAIRED,ILLUMINA,Illumina MiSeq,https://sra-downloadb.be-md.ncbi.nlm.nih.gov/sos8/sra-pub-zq-820/SRR020/20011/SRR20011311/SRR20011311.lite.1,24
SRR20011310,SRX16052038,SAMN29546770,SRS13731009,fungi_PV_W24_G_229,PV,W24,229,No,Patty,27841,13931749,500,7,PAIRED,ILLUMINA,Illumina MiSeq,https://sra-downloadb.be-md.ncbi.nlm.nih.gov/sos8/sra-pub-zq-820/SRR020/20011/SRR20011310/SRR20011310.lite.1,24
SRR20011309,SRX16052039,SAMN29546771,SRS13731010,fungi_PV_W24_G_230,PV,W24,230,No,Patty,11849,5779725,487,3,PAIRED,ILLUMINA,Illumina MiSeq,https://sra-downloadb.be-md.ncbi.nlm.nih.gov/sos9/sra-pub-zq-924/SRR020/20011/SRR20011309/SRR20011309.lite.1,24
SRR20011308,SRX16052040,SAMN29546772,SRS13731011,fungi_PV_W24_G_231,PV,W24,231,No,Patty,110692,61674200,557,33,PAIRED,ILLUMINA,Illumina MiSeq,https://sra-downloadb.be-md.ncbi.nlm.nih.gov/sos9/sra-pub-zq-924/SRR020/20011/SRR20011308/SRR20011308.lite.1,24
SRR20011292,SRX16052056,SAMN29546786,SRS13731027,fungi_SP_W24_G_246,SP,W24,246,Yes,Spray,47115,22788666,483,11,PAIRED,ILLUMINA,Illumina MiSeq,https://sra-downloadb.be-md.ncbi.nlm.nih.gov/sos8/sra-pub-zq-818/SRR020/20011/SRR20011292/SRR20011292.lite.1,24
SRR20011291,SRX16052057,SAMN29546787,SRS13731028,fungi_SP_W24_G_247,SP,W24,247,Yes,Spray,18560,9409409,506,5,PAIRED,ILLUMINA,Illumina MiSeq,https://sra-downloadb.be-md.ncbi.nlm.nih.gov/sos8/sra-pub-zq-820/SRR020/20011/SRR20011291/SRR20011291.lite.1,24
SRR20011290,SRX16052058,SAMN29546788,SRS13731029,fungi_SP_W24_G_248,SP,W24,248,Yes,Spray,18978,9408662,495,5,PAIRED,ILLUMINA,Illumina MiSeq,https://sra-downloadb.be-md.ncbi.nlm.nih.gov/sos9/sra-pub-zq-922/SRR020/20011/SRR20011290/SRR20011290.lite.1,24
SRR20011289,SRX16052059,SAMN29546789,SRS13731030,fungi_SP_W24_G_250,SP,W24,250,Yes,Spray,8597,4038507,469,2,PAIRED,ILLUMINA,Illumina MiSeq,https://sra-downloadb.be-md.ncbi.nlm.nih.gov/sos8/sra-pub-zq-820/SRR020/20011/SRR20011289/SRR20011289.lite.1,24
SRR20011288,SRX16052060,SAMN29546790,SRS13731031,fungi_SP_W24_G_251,SP,W24,251,Yes,Spray,62580,32960873,526,17,PAIRED,ILLUMINA,Illumina MiSeq,https://sra-downloadb.be-md.ncbi.nlm.nih.gov/sos9/sra-pub-zq-924/SRR020/20011/SRR20011288/SRR20011288.lite.1,24
SRR20011287,SRX16052061,SAMN29546791,SRS13731032,fungi_SP_W24_G_252,SP,W24,252,Yes,Spray,76172,39658541,520,21,PAIRED,ILLUMINA,Illumina MiSeq,https://sra-downloadb.be-md.ncbi.nlm.nih.gov/sos9/sra-pub-zq-922/SRR020/20011/SRR20011287/SRR20011287.lite.1,24
SRR20011299,SRX16052049,SAMN29546780,SRS13731020,fungi_SV_W24_G_239,SV,W24,239,No,Spray,39236,17915008,456,8,PAIRED,ILLUMINA,Illumina MiSeq,https://sra-downloadb.be-md.ncbi.nlm.nih.gov/sos13/sra-pub-zq-1301/SRR020/20011/SRR20011299/SRR20011299.lite.1,24
SRR20011298,SRX16052050,SAMN29546781,SRS13731021,fungi_SV_W24_G_240,SV,W24,240,No,Spray,6225,2997096,481,1,PAIRED,ILLUMINA,Illumina MiSeq,https://sra-downloadb.be-md.ncbi.nlm.nih.gov/sos13/sra-pub-zq-1301/SRR020/20011/SRR20011298/SRR20011298.lite.1,24
SRR20011297,SRX16052051,SAMN29546782,SRS13731022,fungi_SV_W24_G_242,SV,W24,242,No,Spray,33886,17127291,505,9,PAIRED,ILLUMINA,Illumina MiSeq,https://sra-downloadb.be-md.ncbi.nlm.nih.gov/sos8/sra-pub-zq-820/SRR020/20011/SRR20011297/SRR20011297.lite.1,24
SRR20011296,SRX16052052,SAMN29546783,SRS13731023,fungi_SV_W24_G_243,SV,W24,243,No,Spray,137077,52063497,379,23,PAIRED,ILLUMINA,Illumina MiSeq,https://sra-downloadb.be-md.ncbi.nlm.nih.gov/sos9/sra-pub-zq-922/SRR020/20011/SRR20011296/SRR20011296.lite.1,24
SRR20011294,SRX16052054,SAMN29546784,SRS13731025,fungi_SV_W24_G_244,SV,W24,244,No,Spray,62595,31074464,496,15,PAIRED,ILLUMINA,Illumina MiSeq,https://sra-downloadb.be-md.ncbi.nlm.nih.gov/sos9/sra-pub-zq-924/SRR020/20011/SRR20011294/SRR20011294.lite.1,24
SRR20011293,SRX16052055,SAMN29546785,SRS13731026,fungi_SV_W24_G_245,SV,W24,245,No,Spray,49773,27051798,543,14,PAIRED,ILLUMINA,Illumina MiSeq,https://sra-downloadb.be-md.ncbi.nlm.nih.gov/sos1/sra-pub-zq-38/SRR020/20011/SRR20011293/SRR20011293.lite.1,24
